MAPE,MSE,bestParam
"[87.66605591062408, 71.35722671470162, 28.78776071192769]","[0.15992259468872894, 0.06421044486595402, 0.04647309250313405]","[1, 3, 0, 0]"
