MAPE,MSE,bestParam
"[28.345606, 28.16046, 27.88719, 27.688591]","[0.00259351, 0.002638147, 0.0027836608, 0.002664226]",100
