MAPE,MSE,bestParam
"[15.597129, 15.505447, 15.407247]","[0.001240973, 0.0012187382, 0.0011763056]",60
