MAPE,MSE,bestParam
"[23.355684, 23.263893, 23.250107, 23.24457]","[0.00804697, 0.008248202, 0.007986187, 0.007951309]",109
